AD-01;R7YZ;2020-12-23;W
AD-03;RU6YY;2005-08-20;W
AD-06;RA6YDX;2024-01-23;W
AL-01;RA9YDF;2024-01-06;W
AL-02;RT9YO;2024-02-24;W
AL-03;RU9YZ;2020-10-18;W
AL-05;UA9YK;2020-12-19;W
AL-14;UA9YAB;2005-08-20;W
AL-16;RL9Y;2024-01-16;W
AL-24;RX9YJ;2020-11-20;W
AL-33;UA9Y;2021-01-12;W
AL-39;R9YW;2024-01-06;W
AL-41;R9YBO;2021-01-03;W
AL-43;R9YDN;2024-01-19;W
AL-49;R9YC;2020-12-05;W
AL-51;UA9YAD;2005-03-20;W
AL-58;RA9YJU;2024-03-23;W
AL-73;R9YQ;2020-11-28;W
AL-78;UA9YIY;2021-02-18;W
AM-01;UA0JFG;2020-12-12;W
AM-03;RA0JBL;2013-08-25;W
AM-04;RN0JJ;2024-03-02;W
AM-09;UA0JCG;2024-08-15;W
AM-10;UA0JBY;2024-08-29;W
AM-28;R0JAC;2024-08-29;W
AO-03;RU6UR;2005-08-28;W
AO-06;UA6UD;2004-03-21;W
AO-07;RA6UAC;2024-01-05;W
AO-11;UA6LP;2005-08-31;W
AO-13;RC6U;2015-03-21;W
AO-15;RA6UAR;2024-03-09;W
AR-01;RA1OZ;2005-03-20;W
AR-05;UA1ORK;2020-11-05;W
AR-06;RA1OD;2009-08-15;W
AR-07;RK1OZM;2009-08-15;W
AR-09;RV1OO;2005-03-19;W
AR-15;RA1OHX;2023-12-01;W
AR-17;UA1OMZ;2005-08-19;W
AR-18;RK1OWZ;2005-04-15;W
AR-19;UA1ODY;2021-01-05;W
AR-23;RZ1OK;2014-03-15;W
AR-26;R1OAJ;2020-12-01;W
AR-29;UA1OOX;2006-08-19;W
BA-01;RX9WM;2013-10-10;W
BA-03;RU9WZ;2006-08-19;W
BA-04;RX9WN;2021-02-13;W
BA-06;RX9WN;2005-03-18;W
BA-07;RZ9WA;2023-12-20;W
BA-17;UA9WOU;2020-11-22;W
BA-19;RA9WU;2015-03-22;W
BA-21;RK8W;2024-01-09;W
BA-23;R9WCF;2024-01-05;W
BA-32;RM9WN;2024-02-24;W
BA-42;RM8W;2020-12-21;W
BA-55;RU4B;2024-08-10;W
BA-61;RZ9WXZ;2009-08-15;W
BA-64;R9WJ;2020-12-30;W
BA-70;RT9W;2006-08-19;W
BA-71;RZ9WXZ;2006-08-19;W
BA-74;RV9WF;2020-10-21;W
BO-02;RZ3ZZ;2002-11-02;W
BO-05;RN3ZC;2009-08-15;W
BO-06;RN3ZIC;2006-08-20;W
BO-09;RZ3ZZ;2002-11-02;W
BO-13;RV3ZK;2023-11-19;W
BO-14;RN3ZRD;2014-09-12;W
BO-19;UA3ZUX;2020-11-13;W
BO-23;RK3ZB;2024-01-26;W
BO-24;R2ZDO;2020-10-30;W
BO-27;RA5ZB;2015-01-02;W
BO-28;RK3ZZB;2005-10-14;W
BR-01;UA3YPL;2015-05-07;W
BR-02;RC2Y;2024-01-13;W
BR-03;R2YES;2020-12-24;W
BR-04;UA3YDQ;2024-08-08;W
BR-06;UA3YCN;2020-11-28;W
BR-10;RA3Y;2015-01-17;W
BR-29;UA3YSQ;2006-08-19;W
BR-35;R3YAR;2024-10-26;W
BR-36;RA3YDA;2024-01-15;W
BU-02;RA0OU;2024-03-02;W
BU-05;UA0OK;2021-03-12;W
CB-01;R9AL;2013-11-21;W
CB-02;RL9AA;2009-08-15;W
CB-05;UA9AFS;2005-10-15;W
CB-06;R9AE;2015-03-21;W
CB-07;RK9AWN;2006-03-18;W
CB-08;RY9AAH;2024-01-29;W
CB-09;RX9ATX;2024-01-07;W
CB-10;UA9AAE;2024-01-26;W
CB-13;UA9AX;2020-11-11;W
CB-19;RN9AZ;2013-09-10;W
CB-20;RA9AU;2005-08-20;W
CB-22;R8AU;2024-02-10;W
CB-25;RK9AY;2023-11-28;W
CB-27;RX9AV;2007-08-19;W
CB-29;R8ADP;2024-08-10;W
CB-30;RV9AZ;2007-08-19;W
CB-39;UA9AET;2013-09-15;W
CB-50;RK9AX;2015-03-21;W
CB-54;RG9A;2006-03-19;W
CK-02;UA0KBG;2024-03-18;W
CN-01;R6PAU;2024-06-09;W
CN-04;RD7P;2015-03-24;W
CN-11;R6PAW;2024-04-13;W
CN-13;UA6PL;2006-08-19;W
CN-24;R6PAG;2024-03-23;W
CU-01;R4YAP;2020-11-21;W
CU-03;RA4YW;2004-03-19;W
CU-04;UC4Y;2023-11-25;W
CU-13;R4ZZ;2024-01-07;W
DA-08;RA6WF;2013-09-02;W
DA-10;RV6WB;2020-11-23;W
EA-02;UA0DX;2024-03-19;W
EA-06;R0DX;2009-08-14;W
GA-02;UA9ZZ;2007-03-18;W
GA-03;UA9ZCT;2024-01-12;W
GA-06;UA9ZZ;2007-03-18;W
GA-10;UA9ZK;2014-10-09;W
HA-01;RK0W;2015-03-21;W
HA-02;R0WG;2021-01-10;W
HA-04;RA0WHE;2013-08-22;W
HA-11;RD0WA;2020-10-30;W
HK-01;RN0CD;2024-03-09;W
HK-02;R0IAA;2020-12-12;W
HK-03;RW0CR;2024-03-16;W
HK-04;R0CBS;2024-02-06;W
HK-21;RI0CB;2002-08-27;W
HK-28;UA0CA;2005-03-19;W
HM-01;R9JAA;2024-03-17;W
HM-03;RV9JE;2007-03-17;W
HM-05;RW9JG;2014-09-06;W
HM-07;RW9JG;2014-09-06;W
HM-11;RA9JR;2007-08-18;W
HM-12;R9JAC;2020-11-16;W
HM-16;UA9JLL;2007-03-17;W
HM-19;RA9J;2007-08-17;W
HM-21;R9JT;2023-11-28;W
HM-22;RK4PA;2024-01-02;W
IN-09;UA7Q;2021-02-17;W
IR-01;RG0S;2023-12-18;W
IR-04;UA0SU;2020-11-24;W
IR-05;RA0S;2020-10-18;W
IR-06;UA0SC;2004-03-19;W
IR-11;UA0SFM;2024-01-29;W
IR-14;RU0SN;2005-10-14;W
IR-15;UA0STR;2021-01-11;W
IR-17;RZ0SW;2023-12-03;W
IR-20;UA0SGY;2024-01-24;W
IR-26;RZ0SR;2007-08-18;W
IR-31;R0SAU;2023-11-16;W
IR-37;RZ0SU;2021-02-12;W
IR-43;RA0SET;2024-03-17;W
IR-45;RA0SMS;2020-11-26;W
IR-46;RA0R;2020-11-13;W
IR-54;UA0SR;2020-11-08;W
IR-55;UA0TP;2024-02-04;W
IV-01;UA3UCV;2024-01-27;W
IV-02;RA3UT;2009-08-15;W
IV-03;UA3UKD;2024-01-26;W
IV-04;RU3UR;2007-03-17;W
IV-05;R2UD;2024-01-05;W
IV-07;R2UZ;2021-02-18;W
IV-12;RA3VX;2024-08-31;W
IV-16;R3UG;2020-11-04;W
IV-17;UA3UNL;2023-11-17;W
IV-31;R3UCC;2023-11-26;W
KA-02;RA2FIA;2007-08-18;W
KA-08;RW2F;2007-08-18;W
KA-09;UB2FCL;2024-04-14;W
KA-13;RK2FWA;2006-03-18;W
KA-15;RL2F;2024-01-23;W
KA-20;UA2FT;2008-02-09;W
KA-23;RA2FU;2021-02-11;W
KB-01;UA6XT;2005-08-20;W
KB-04;UA6XY;2024-03-19;W
KB-05;RK7X;2024-01-15;W
KB-13;UA6XES;2020-10-18;W
KC-01;RA7E;2024-02-24;W
KC-04;UA6EKC;2024-01-15;W
KC-11;R7EW;2024-07-24;W
KE-01;R8UT;2024-02-24;W
KE-02;R9UR;2014-08-31;W
KE-03;RK9UM;2024-03-12;W
KE-04;RK9UE;2023-11-22;W
KE-12;RZ9UO;2015-03-21;W
KE-14;RW9UBP;2024-01-22;W
KE-16;RU9UW;2024-08-09;W
KE-17;RA9UKO;2020-11-30;W
KE-20;R8UR;2024-03-26;W
KE-22;RC9UDM;2024-01-19;W
KE-23;R9UIW;2023-12-03;W
KE-28;R9UG;2024-01-29;W
KE-29;RU9UZM;2006-08-19;W
KE-30;RU9UZM;2007-09-09;W
KE-32;RO9U;2024-08-09;W
KE-35;UA9ULT;2013-10-01;W
KE-40;RZ9UWZ;2005-10-30;W
KE-46;RZ9UF;2024-01-23;W
KE-48;RW9UR;2023-12-18;W
KE-52;UA9ULT;2020-11-28;W
KE-53;RO8U;2023-12-06;W
KG-01;R2EA;2024-10-30;W
KG-02;RA3XFR;2024-01-15;W
KG-06;RK3XWO;2007-03-18;W
KG-07;RX3XR;2002-08-05;W
KG-13;R5ACQ;2024-01-10;W
KG-16;R3XBD;2021-02-18;W
KG-18;UA3XFP;2024-02-10;W
KG-19;RC4UAE;2013-11-15;W
KI-01;UA4NBA;2020-11-05;W
KI-03;RW4NJ;2005-03-19;W
KI-04;RZ4NWW;2005-03-19;W
KI-05;R4NBV;2024-03-10;W
KI-08;R4OF;2021-01-19;W
KI-10;RK4WWD;2007-08-18;W
KI-30;RA4NCC;2023-12-18;W
KI-37;RN4NCZ;2020-11-29;W
KI-38;UA4NR;2020-11-19;W
KI-47;RA4NTA;2024-03-12;W
KK-01;RA0AM;2005-10-30;W
KK-02;UA0APV;2002-10-27;W
KK-03;R0AJ;2024-01-23;W
KK-04;RU0AB;2004-09-25;W
KK-05;R0AZ;2024-02-04;W
KK-06;UA0ACZ;2023-11-22;W
KK-07;RX0AE;2001-12-14;W
KK-08;RK0AB;2007-08-19;W
KK-09;RU0AX;2024-02-25;W
KK-10;RW0AQ;2007-08-19;W
KK-12;RU0ABV;2024-09-01;W
KK-18;RX0AW;2009-08-15;W
KK-19;R0AS;2020-12-19;W
KK-20;R0AJS;2024-01-11;W
KK-24;RA0ADQ;2023-11-28;W
KK-28;RU0AW;2005-03-19;W
KK-33;RM0A;2007-03-17;W
KK-34;RV0APH;2020-11-10;W
KK-51;RW0AE;2023-11-28;W
KK-54;UA0AKY;2005-10-28;W
KK-56;RA0AS;2003-12-26;W
KK-63;R0AIV;2024-01-23;W
KK-65;UA0BA;2007-08-19;W
KK-66;UA0BA;2007-08-19;W
KK-71;R0BI;2020-10-22;W
KL-01;R1NJ;2020-11-30;W
KL-04;RA1NBG;2013-09-01;W
KL-07;RU6FA;2010-04-17;W
KL-08;R1NAE;2024-01-26;W
KL-11;R1NAT;2023-12-27;W
KL-15;RN1NHB;2024-01-20;W
KL-17;RA1N;2024-11-03;W
KM-01;R7IA;2024-01-29;W
KM-05;R7IW;2021-01-15;W
KM-10;RA3ATX;2024-08-30;W
KN-01;RW9QA;2020-10-28;W
KN-02;RK9QWM;2009-08-15;W
KN-06;R165RP;2024-03-24;W
KN-08;UB8QBI;2024-03-23;W
KN-10;RA9RR;2020-11-04;W
KN-18;RK9QWW;2006-08-19;W
KO-01;R8XF;2021-03-12;W
KO-02;RV9XQ;2015-05-29;W
KO-05;RA9XAF;2024-01-26;W
KO-07;R9XAQ;2020-11-11;W
KO-08;RV9XV;2020-12-19;W
KO-09;RL1I;2020-12-19;W
KO-10;R9XAC;2021-01-08;W
KO-12;RM9X;2015-03-22;W
KO-16;R1IO;2024-01-28;W
KO-18;R8XAQ;2021-02-18;W
KR-01;RN6AM;2003-08-12;W
KR-02;R6DLM;2024-09-05;W
KR-03;RV6YZ;2005-08-20;W
KR-04;UA6ABE;2024-01-28;W
KR-06;RX6AM;2009-08-15;W
KR-07;RN6BY;2006-08-19;W
KR-08;R8FF;2024-09-27;W
KR-09;UA6CHC;2015-01-11;W
KR-11;UA6ARR;2015-03-21;W
KR-12;UA3EDQ;2009-08-15;W
KR-13;R6DV;2020-10-23;W
KR-15;UA6CER;2024-03-03;W
KR-16;R7CD;2023-11-22;W
KR-24;RW6BZ;2005-08-20;W
KR-26;RW6CO;2024-08-10;W
KR-28;R120RC;2015-04-12;W
KR-30;RN6AH;2006-03-19;W
KR-31;RA6AVP;2020-11-21;W
KR-32;RC7C;2013-10-01;W
KR-33;RA6DE;2005-09-02;W
KR-34;RW6AH;2005-09-03;W
KR-35;UA6CC;2006-08-20;W
KR-36;RU6C;2024-01-22;W
KR-37;UA6BDJ;2020-11-03;W
KR-38;RU7C;2021-01-12;W
KR-39;RW6A;2023-12-13;W
KR-40;R6BH;2020-11-03;W
KR-41;RA6DB;2007-08-19;W
KR-42;UA6AGN;2013-09-22;W
KR-43;RZ6AAB;2023-11-28;W
KR-44;R7DN;2024-01-22;W
KR-45;R6DGJ;2020-11-05;W
KR-46;RA7C;2014-03-16;W
KR-48;RZ6CO;2023-11-28;W
KR-49;UA6B;2024-01-05;W
KR-50;RO21NY;2021-01-12;W
KR-51;RJ7A;2020-10-21;W
KR-52;RO30DX;2020-11-20;W
KR-55;R6DG;2023-11-22;W
KR-56;RT6A;2006-03-18;W
KR-57;R7BN;2013-10-07;W
KR-58;RK6AH;2024-03-16;W
KR-60;RT6C;2024-03-23;W
KR-61;RZ6BS;2005-03-19;W
KS-01;UA3NFI;2024-03-09;W
KS-08;UA3NFG;2020-11-19;W
KS-23;R2UZ;2024-10-26;W
KS-32;RK3NWC;2007-08-19;W
KT-03;RA0ZIJ;2024-03-03;W
KT-06;UA0ZK;2015-08-29;W
KU-02;RW3WY;2014-12-30;W
KU-03;RW3WX;2006-03-18;W
KU-04;R3WF;2015-01-24;W
KU-05;RA3WII;2015-01-10;W
KU-07;UA3WHO;2013-10-09;W
KU-18;RV3WT;2005-11-05;W
KU-19;UA3WDO;2024-01-28;W
KU-26;RA3WAK;2024-01-22;W
KU-27;UA3WG;2023-11-17;W
KU-32;RA3WEO;2024-08-08;W
LO-16;R1CAT;2020-10-20;W
LO-22;RA1AGL;2009-08-15;W
LO-23;RW1CW;2007-08-18;W
LO-24;R1CF;2024-09-01;W
LO-25;RM0F;2024-06-12;W
LO-26;UA1CKC;2002-07-14;W
LO-27;UA1CFF;2023-12-26;W
LO-28;R1BLI;2024-01-13;W
LO-30;UF1A;2024-06-06;W
LO-31;RA1AIP;2006-08-20;W
LO-34;R1CE;2023-12-13;W
LO-35;UB1CDJ;2024-08-09;W
LO-36;R1CAP;2020-12-20;W
LP-02;UA3GT;2015-01-15;W
LP-03;RW3GV;2020-10-31;W
LP-04;RD2G;2024-02-24;W
LP-05;RA3GK;2015-02-01;W
LP-07;UA3GDJ;2015-03-16;W
LP-08;UA3GX;2013-10-09;W
LP-12;UE3EDA;2010-04-09;W
LP-18;RK3GYM;2009-08-15;W
MA-01;UA3AGW;2006-03-18;W
MA-02;RW3AI;2006-08-20;W
MA-03;RL3A;2007-08-18;W
MA-04;R2AVB;2020-11-20;W
MA-05;RX3BP;2006-08-20;W
MA-06;UA3AP;2007-03-17;W
MA-07;RX3AGD;2002-07-13;W
MA-08;UA3AAP;2007-08-19;W
MA-09;UA3AKO;2007-03-17;W
MA-10;RN3BW;2004-01-09;W
MA-11;RL3AJ;2007-03-17;W
MA-12;RU5A;2022-12-20;W
MD-01;RZ4UF;2024-10-05;W
MD-02;R4UV;2015-01-31;W
MD-03;RA4UVK;2009-08-16;W
MD-05;RA4UDC;2020-12-20;W
MD-12;UA4UT;2023-11-28;W
MD-13;RA4UEU;2023-11-28;W
MD-22;RA4UDC;2013-08-31;W
MD-24;R4UBA;2024-01-02;W
MG-01;RW0IM;2024-03-20;W
MG-09;R7HJ;2024-10-26;W
MO-01;RK3DXS;2006-08-19;W
MO-03;UA3DLL;2024-10-25;W
MO-08;RZ3DX;2004-10-08;W
MO-09;RK3DXZ;2006-03-18;W
MO-13;RD3FV;2013-09-21;W
MO-14;R2DA;2023-11-22;W
MO-21;RC2DT;2023-12-24;W
MO-22;RV3FF;2007-08-18;W
MO-24;R5FN;2024-08-09;W
MO-25;R3DEE;2023-12-18;W
MO-27;RZ3FR;2005-08-20;W
MO-34;RY3D;2009-08-15;W
MO-36;RT2D;2024-01-07;W
MO-37;RW3DW;2024-01-08;W
MO-44;RA3FH;2024-08-11;W
MO-49;R2AYX;2024-01-15;W
MO-54;RV3DGL;2015-02-21;W
MO-56;R3DL;2005-03-19;W
MO-58;R2DMT;2024-01-07;W
MO-59;RK3DXW;2009-08-15;W
MO-60;RK3AW;2023-12-26;W
MO-63;RX3DHR;2013-08-30;W
MO-64;UA3AB;2005-03-27;W
MO-65;RU3FM;2015-03-21;W
MO-66;RV3FI;2009-08-16;W
MO-69;R5FQ;2021-02-11;W
MO-71;R5DT;2023-12-18;W
MO-72;RV3DBK;2014-09-13;W
MO-73;RK3AF;2023-12-27;W
MO-74;UB3DQR;2024-08-09;W
MO-75;RM2D;2024-11-02;W
MO-76;UA3DNR;2002-10-26;W
MO-77;RN3AOE;2024-01-21;W
MO-80;R5AJ;2024-01-19;W
MO-82;R2DX;2023-09-22;W
MO-83;R2DSA;2020-11-29;W
MO-85;UA3DCZ;2005-11-05;W
MO-88;R2DYC;2024-03-26;W
MO-89;UA3FO;2023-11-26;W
MO-90;R2DLS;2021-10-29;W
MO-94;RU3DNN;2002-12-13;W
MO-95;R3BM;2014-03-15;W
MR-01;RU4SS;2023-11-14;W
MR-02;UA4SKW;2004-03-20;W
MR-10;RZ4SWM;2005-08-20;W
MR-11;RU4SM;2009-08-15;W
MU-01;R1ZBU;2024-03-02;W
MU-02;UA1ZKI;2020-11-30;W
MU-03;R1ZH;2020-11-03;W
MU-05;UA1ZFL;2024-01-21;W
MU-10;R1ZBB;2015-03-26;W
MU-13;UA1ZKF;2005-03-20;W
MU-16;UA1ZGI;2013-08-24;W
MU-17;RW1ZA;2006-03-18;W
MU-19;RW1ZA;2005-08-20;W
MU-22;UA1ZMS;2002-08-30;W
NN-01;RD3TOK;2024-01-27;W
NN-02;RL3T;2024-01-12;W
NN-03;RM3TO;2024-01-05;W
NN-04;R3TIT;2024-01-08;W
NN-05;RA3TT;2002-11-02;W
NN-06;R3TD;2023-11-23;W
NN-07;RA3TYL;2005-08-20;W
NN-09;R120N;2023-12-22;W
NN-20;R3TKM;2020-10-22;W
NN-23;RD3TBQ;2020-11-04;W
NN-28;RA3TQ;2015-02-22;W
NN-35;RA3TKS;2024-08-28;W
NN-38;RA3TK;2024-09-04;W
NN-43;R3TGZ;2020-11-19;W
NN-45;RJ2T;2023-12-02;W
NN-46;UD3T;2015-01-23;W
NN-48;RV3TR;2024-01-08;W
NN-51;UA3TFF;2024-01-07;W
NN-64;RK3TT;2007-03-18;W
NO-02;UA1PBD;2020-11-03;W
NS-03;UA9OS;2005-08-20;W
NS-04;R2ET;2020-11-05;W
NS-05;R8OAE;2014-08-30;W
NS-06;R8OAE;2014-07-31;W
NS-07;R9ODM;2021-01-20;W
NS-08;RZ9O;2020-12-18;W
NS-09;UA9OGF;2007-08-19;W
NS-17;R9OY;2013-09-03;W
NS-21;R9OAE;2024-02-04;W
NS-29;RZ9OO;2007-08-18;W
NS-34;R9ON;2024-02-06;W
NS-42;RZ9OZO;2007-03-18;W
NS-45;UA9OOT;2024-03-24;W
NV-01;UA1TAN;2006-03-18;W
NV-02;R1TM;2023-09-22;W
NV-03;RN1TV;2020-12-19;W
NV-06;RA1TL;2024-01-20;W
NV-14;R1TAX;2024-08-30;W
NV-17;R1TET;2024-08-07;W
NV-20;RA1TCJ;2015-02-21;W
NV-23;RD1T;2024-02-06;W
OB-01;RX9SN;2015-03-21;W
OB-02;RX9SA;2009-08-15;W
OB-03;RC8SAB;2015-04-05;W
OB-04;UD8S;2023-12-07;W
OB-05;RK8T;2015-03-21;W
OB-06;R9SAZ;2024-04-01;W
OB-07;UA9TQ;2009-08-16;W
OB-09;R9SR;2023-12-09;W
OB-10;RA9SVO;2023-12-23;W
OB-11;UA9SAW;2009-08-16;W
OB-14;RN9T;2015-03-21;W
OB-17;R9TA;2013-09-23;W
OB-22;RU9SWW;2006-08-18;W
OB-36;RW9SW;2005-03-19;W
OB-37;RA9SK;2006-03-19;W
OM-01;UA9MA;2002-09-07;W
OM-03;RA9MJ;2005-03-18;W
OM-05;RA9MX;2023-12-18;W
OM-06;RA9MI;2024-02-25;W
OM-11;RN9N;2020-12-12;W
OM-17;RW9MZ;2024-01-19;W
OM-19;UA9MQA;2021-02-19;W
OM-28;RK9MYM;2006-08-19;W
OM-30;UA9MA;2020-10-21;W
OR-01;RU3EQ;2024-01-10;W
OR-02;RU3EJ;2015-02-02;W
OR-04;R2EA;2015-01-11;W
OR-12;RK3EXA;2007-08-18;W
OR-20;UA3ECJ;2020-11-11;W
PE-01;RU4F;2024-01-11;W
PE-02;RA4FAU;2024-11-02;W
PE-03;RK4FD;2007-03-18;W
PE-06;RA4FAU;2024-01-12;W
PE-08;UA4FTA;2024-01-11;W
PE-12;RA4FUP;2023-12-03;W
PE-13;RT4F;2012-10-27;W
PE-16;RA4FEQ;2021-01-30;W
PE-18;RD4F;2015-03-21;W
PE-20;RA4FOC;2024-03-09;W
PE-24;RK4F;2024-01-16;W
PE-26;RA4FUT;2015-03-22;W
PE-27;RK4FM;2004-03-19;W
PE-29;RQ4F;2024-09-04;W
PE-30;R4FDD;2023-11-15;W
PE-31;UA4FOH;2024-01-10;W
PE-32;R4FET;2024-01-12;W
PE-33;R4FAM;2015-04-04;W
PE-35;RK4FH;2024-03-10;W
PK-02;UA0LDW;2024-03-17;W
PK-03;UA0LBF;2024-01-17;W
PK-04;UA0LKD;2020-12-12;W
PK-05;RA0LQ;2024-01-26;W
PK-06;RW0LO;2023-11-26;W
PK-07;R5AF;2024-08-09;W
PK-09;UA0LHS;2024-02-04;W
PK-14;RU0LL;2020-11-05;W
PK-17;R0MQ;2024-02-10;W
PK-25;R0LJC;2024-04-19;W
PM-01;RX9FM;2007-08-18;W
PM-02;UA9FGR;2020-11-23;W
PM-04;RX9FW;2009-08-15;W
PM-05;UA9FAR;2009-08-16;W
PM-06;RA9FLW;2005-03-19;W
PM-07;RA9FGW;2015-04-11;W
PM-09;RA9FUE;2020-10-21;W
PM-11;UA9FGJ;2009-08-15;W
PM-14;R9FN;2015-01-09;W
PM-32;R9FF;2024-03-19;W
PM-35;R9FAK;2024-01-26;W
PM-39;RX9FM;2005-03-20;W
PM-49;R9FE;2020-11-05;W
PM-50;RC9F;2024-02-04;W
PM-51;RA9FDR;2024-04-13;W
PM-54;RW9FWR;2007-08-18;W
PS-01;RA1WZ;2004-03-20;W
PS-02;R1WBQ;2024-03-23;W
PS-08;RA1AVP;2021-10-07;W
PS-14;R1WBW;2024-09-04;W
PS-16;RA1WZ;2011-02-12;W
PS-23;RA1AL;2009-08-15;W
PS-26;UA1WCF;2020-11-03;W
RA-01;UA3SAQ;2009-08-15;W
RA-02;RW3SY;2007-03-17;W
RA-03;R2SD;2020-10-31;W
RA-05;RA3SI;2002-08-25;W
RA-07;UA3SID;2024-01-29;W
RA-10;UA3SNB;2024-06-09;W
RA-12;RK3DXS;2007-08-18;W
RA-14;RV3DGL;2015-01-02;W
RA-18;UA3SFH;2024-10-05;W
RA-21;UA3SCF;2024-01-29;W
RA-22;RA3SS;2024-01-05;W
RA-32;UD3SDO;2024-01-28;W
RK-01;R7KAZ;2023-11-22;W
RK-02;R7KKO;2024-01-10;W
RK-03;UC6K;2024-04-20;W
RK-04;RG7K;2024-01-15;W
RK-08;RW7KW;2021-01-03;W
RK-09;R7KY;2024-03-23;W
RK-10;R7KDU;2020-10-18;W
RK-12;RM7K;2015-01-02;W
RK-13;R7KDW;2024-01-07;W
RK-16;RD7KW;2024-03-09;W
RK-17;RJ7K;2024-03-24;W
RK-20;RC7KH;2024-03-22;W
RK-21;R7KEA;2024-03-21;W
RK-25;RA6KR;2024-01-23;W
RK-27;R6KY;2024-01-23;W
RO-01;R6LCG;2015-04-07;W
RO-03;RC7LX;2020-12-31;W
RO-04;UC6N;2005-10-14;W
RO-05;RU6M;2024-01-13;W
RO-07;UB6LDB;2020-11-28;W
RO-08;RV6LLI;2023-11-22;W
RO-09;RX6LQH;2023-12-23;W
RO-10;RA6MQ;2015-03-21;W
RO-12;UA6LET;2024-09-08;W
RO-13;RT7N;2023-12-02;W
RO-14;R6NN;2024-01-05;W
RO-16;RN6MG;2024-01-23;W
RO-19;RV6LFE;2007-03-18;W
RO-22;RU6MO;2020-12-31;W
RO-23;R7NA;2024-01-16;W
RO-24;RL6LX;2024-01-07;W
RO-25;UI6L;2021-01-16;W
RO-27;RN6LLV;2020-11-20;W
RO-31;RN6LPC;2023-11-19;W
RO-32;RN6LBT;2024-01-27;W
RO-33;RZ6LY;2024-01-29;W
RO-35;R6NH;2023-11-15;W
RO-38;UA6LAD;2020-12-26;W
RO-41;R6NZ;2020-11-21;W
RO-44;RZ6LL;2013-10-09;W
RO-45;UE30DX;2020-11-15;W
RO-47;RA21NY;2021-01-04;W
RO-48;RG7M;2023-12-06;W
RO-49;RX9KT;2021-01-04;W
RO-51;R6LAQ;2024-01-29;W
RO-53;UA6NT;2020-11-28;W
RO-54;RV6BC;2005-04-16;W
RO-57;RV6BC;2005-04-16;W
RO-58;RU6L;2024-03-03;W
RO-62;RW6MMU;2020-12-30;W
RO-64;R6ML;2021-01-20;W
RO-66;R2020DX;2020-11-15;W
SA-01;UA4COP;2024-03-10;W
SA-02;RW4C;2013-09-17;W
SA-03;R4CHN;2020-11-18;W
SA-04;RA4CGX;2017-11-26;W
SA-23;R4CAM;2024-01-02;W
SA-24;R4DD;2020-11-02;W
SA-26;R4CES;2020-11-05;W
SA-28;R4CBE;2024-02-24;W
SA-29;R4CF;2024-03-23;W
SA-31;RW4CNG;2024-01-23;W
SA-34;RW4CPA;2024-01-08;W
SA-35;RW4D;2023-12-09;W
SA-38;RA4CPA;2024-01-23;W
SA-41;R4CGG;2024-01-21;W
SA-43;RX4CD;2015-01-01;W
SA-45;RA4CBN;2024-01-02;W
SA-48;RW4CB;2020-10-18;W
SA-50;RA4CA;2024-01-23;W
SA-51;UB4CIA;2024-03-03;W
SA-55;RZ4HZW;2005-08-20;W
SA-56;R4CO;2020-12-08;W
SA-58;UI4F;2024-01-05;W
SE-01;R7RBI;2020-11-02;W
SE-02;RQ7R;2015-04-06;W
SE-03;R7RIB;2015-03-21;W
SE-04;R165SE;2024-03-23;W
SL-01;RM0F;2020-11-10;W
SL-10;RX0F;2024-09-03;W
SL-11;RM0F;2020-11-09;W
SL-18;UA0FAI;2004-08-28;W
SM-01;R2EA;2024-09-04;W
SM-02;UA3LHL;2007-08-18;W
SM-03;UA3LEO;2005-10-14;W
SM-10;RA3LBK;2024-04-18;W
SM-15;UB3LAG;2020-11-30;W
SM-18;UA3LNM;2024-08-01;W
SM-19;RV3LO;2006-03-17;W
SM-25;UA3LMR;2007-08-19;W
SM-29;UA3LSX;2015-01-03;W
SO-01;R6JY;2020-11-13;W
SO-02;UA6JCJ;2021-01-17;W
SO-03;R6JC;2023-12-25;W
SO-04;RM6J;2024-01-20;W
SO-10;UA6J;2023-12-18;W
SO-12;UA6JQ;2020-11-05;W
SP-01;R1AI;2024-02-10;W
SP-02;RC1BM;2021-01-19;W
SP-03;RC1BP;2021-01-14;W
SP-04;UA1AOS;2024-01-15;W
SP-07;RX1AB;2005-11-05;W
SP-08;UA1ALW;2020-12-08;W
SP-10;RK1AS;2024-01-08;W
SP-12;R1AV;2020-11-03;W
SP-14;UA1AFZ;2002-05-05;W
SP-17;RZ1CXO;2007-08-18;W
SP-18;R1ALR;2023-12-11;W
SP-19;UA1AFZ;2006-03-17;W
SP-20;UA1AQA;2010-10-31;W
SR-02;RW9WJ;2020-12-27;W
SR-03;RU4H;2021-01-18;W
SR-06;RC4HAA;2015-03-21;W
SR-07;RW4HBG;2005-09-03;W
SR-09;RW4HB;2020-11-18;W
SR-10;RX4HJ;2007-09-07;W
SR-12;R4HJN;2024-01-24;W
SR-13;UA4HY;2024-01-19;W
SR-15;RW4HM;2020-10-30;W
SR-17;R4IQ;2023-12-08;W
SR-18;R4HFX;2023-12-31;W
SR-19;RA4HUV;2023-12-28;W
SR-20;RN4HA;2007-08-18;W
SR-36;RW4HD;2020-11-11;W
SR-40;RN4HEP;2020-12-27;W
SR-43;RA4HRZ;2024-01-19;W
ST-01;UA6FJ;2008-11-08;W
ST-02;UA6F;2024-03-21;W
ST-03;UA7T;2024-03-19;W
ST-05;R7TO;2015-03-28;W
ST-06;RV6HU;2002-08-04;W
ST-07;RN6HGN;2015-03-16;W
ST-08;R6FIT;2023-11-28;W
ST-09;R6FFB;2024-10-27;W
ST-11;R7HL;2013-01-09;W
ST-12;RA6GW;2015-01-10;W
ST-17;RV6HEO;2024-01-06;W
ST-19;UD7G;2023-12-10;W
ST-20;RA6FCU;2020-12-30;W
ST-21;R6TX;2020-11-06;W
ST-22;RV6FT;2013-09-21;W
ST-24;RK21NY;2021-01-03;W
ST-28;RW6HJV;2002-01-25;W
ST-33;RW6HP;2024-01-06;W
ST-36;R7HC;2020-12-21;W
ST-37;UB6HQQ;2024-01-07;W
ST-38;RK21NY;2021-01-04;W
SV-01;RV9CT;2024-03-20;W
SV-02;RW9CC;2015-03-29;W
SV-03;UA9CGL;2020-12-30;W
SV-04;RY9C;2006-03-18;W
SV-05;RU9CK;2006-03-18;W
SV-06;RU9CK;2020-11-07;W
SV-07;RA9DZ;2014-03-15;W
SV-08;RU9CC;2007-08-18;W
SV-09;RA9CCK;2023-11-28;W
SV-11;RK9DC;2014-03-15;W
SV-12;R9CA;2021-02-17;W
SV-17;UA9CDV;2006-08-20;W
SV-20;R8CEG;2024-01-29;W
SV-22;RA9DA;2002-05-03;W
SV-23;RU9CY;2002-03-29;W
SV-24;UA9CK;2020-10-21;W
SV-25;RW9CG;2015-05-02;W
SV-27;RV9DC;2015-01-10;W
SV-28;UA9CUA;2015-03-21;W
SV-30;RK9CZO;2007-08-19;W
SV-35;RA9CAD;2024-10-26;W
SV-38;RX9CET;2024-10-13;W
SV-42;UD8D;2023-12-08;W
SV-45;RY9C;2006-03-19;W
SV-48;RV9CX;2023-11-22;W
SV-51;R8CGO;2024-01-27;W
SV-53;RA9CUU;2020-11-24;W
SV-63;RA9CIN;2024-03-03;W
SV-66;UA9CLB;2007-08-18;W
TA-04;UA4PBT;2024-03-09;W
TA-06;UA4PAN;2002-10-25;W
TA-07;RW4PL;2007-08-18;W
TA-09;R4PCO;2024-01-12;W
TA-10;RA4PIS;2023-11-17;W
TA-12;RW4PEI;2020-10-30;W
TA-14;RK4PA;2024-04-28;W
TA-15;RW4PP;2021-06-04;W
TA-16;UA4POO;2023-12-07;W
TA-17;R4RM;2024-01-22;W
TA-19;R4PEP;2024-01-02;W
TA-20;UA4WKW;2007-03-17;W
TA-22;UA4PPQ;2024-01-02;W
TA-26;UA4PJM;2006-03-18;W
TA-28;RU4PH;2023-12-18;W
TA-37;R4QO;2020-11-02;W
TA-39;UA4PT;2005-11-16;W
TA-42;RA4PPB;2006-03-18;W
TA-44;RK4PR;2015-01-01;W
TA-61;R4PQ;2020-11-29;W
TB-01;RX3RXX;2007-03-17;W
TB-02;RA3R;2020-11-19;W
TB-03;UA3RMH;2021-01-20;W
TB-06;RN3RQ;2007-03-17;W
TB-07;UA3RN;2024-08-30;W
TB-08;RA3RGQ;2021-07-25;W
TB-09;RN3RFS;2015-04-11;W
TB-12;RV3RM;2006-08-19;W
TB-13;UA3RMB;2024-03-02;W
TB-14;RA3RPW;2021-02-18;W
TB-15;R2RAU;2024-02-24;W
TB-20;RC2R;2023-11-23;W
TB-21;UA3RRT;2020-11-28;W
TB-29;R2RDA;2024-03-10;W
TB-30;UA3RUZ;2023-12-07;W
TL-01;R3PAV;2013-10-04;W
TL-02;R3PY;2024-01-07;W
TL-03;RM5P;2023-12-06;W
TL-05;R3PIT;2020-11-20;W
TL-11;UB3PEH;2020-11-03;W
TL-14;R2PE;2024-01-09;W
TL-17;RU3PU;2009-08-15;W
TL-21;RK3PWJ;2002-06-29;W
TL-24;R3PA;2013-08-23;W
TL-25;UA3PAB;2006-04-16;W
TL-26;RA3PLQ;2006-08-20;W
TL-27;RM5P;2023-12-06;W
TL-30;RA3PDG;2024-03-23;W
TL-31;R3PAN;2020-10-21;W
TL-32;R3PLN;2023-11-23;W
TL-33;RA3PCI;2009-08-15;W
TL-35;RA3PN;2023-11-28;W
TN-01;RK9LWA;2007-08-19;W
TN-02;UA9LP;2005-03-19;W
TN-03;RA9JX;2007-08-18;W
TN-06;UA9LCY;2006-03-19;W
TN-20;RA9LAN;2013-10-11;W
TN-23;UA9LDT;2024-08-22;W
TN-24;R9LM;2024-08-08;W
TN-30;R8LCA;2020-10-28;W
TO-01;RA9HL;2024-01-24;W
TO-03;RA9H;2020-12-09;W
TO-04;RW9HA;2007-08-19;W
TO-09;R75SHK;2024-03-24;W
TO-12;RA9HBQ;2024-03-10;W
TO-15;RA9HO;2023-11-28;W
TO-22;RU9HM;2014-09-05;W
TO-23;RW9HA;2006-08-19;W
TU-01;R0WY;2020-12-13;W
TU-08;R9OY;2013-09-02;W
TV-02;R3IX;2024-01-07;W
TV-04;RV3IC;2005-03-19;W
TV-19;RA3ID;2015-05-15;W
TV-21;UA3IAG;2006-07-21;W
TV-25;R2IN;2024-01-02;W
TV-29;RU3DX;2004-03-21;W
TV-30;UA3IAJ;2006-08-18;W
TV-39;UA3IHJ;2024-02-06;W
TV-50;UA3ICV;2006-03-17;W
TV-51;UB3IBX;2024-01-07;W
UD-01;UA4WEL;2020-11-23;W
UD-02;RD4WA;2005-08-20;W
UD-03;RK4W;2015-03-22;W
UD-04;R4WL;2020-12-08;W
UD-05;UA4WI;2009-08-16;W
UD-06;RU4WG;2002-08-28;W
UD-08;R4WBQ;2024-01-24;W
UD-11;RZ4WZ;2013-08-30;W
UD-17;RK4WWF;2009-08-16;W
UD-34;RK4WWF;2007-08-18;W
UL-02;RA4LY;2015-04-12;W
UL-03;R4ML;2023-11-19;W
UL-04;UA4LCH;2005-03-18;W
UL-06;UA4LDP;2007-08-18;W
UL-08;R4MA;2024-03-02;W
UL-11;UA4LND;2023-12-24;W
UL-14;UA4LDP;2007-08-19;W
UL-16;UA4LU;2006-08-19;W
UL-17;RW4LMR;2015-04-23;W
UL-20;R4LD;2015-03-21;W
UL-21;R100HVS;2024-10-04;W
UL-22;R4LAZ;2024-01-23;W
UL-25;RA4LFN;2020-10-31;W
VG-01;RZ4AWB;2002-10-26;W
VG-02;RZ4AZ;2021-01-03;W
VG-04;RA4AUY;2024-01-09;W
VG-05;RN4ABD;2013-11-10;W
VG-06;RZ4AT;2023-12-13;W
VG-07;RA4AAT;2020-11-26;W
VG-08;R35DRA;2024-02-24;W
VG-09;RC4AC;2024-03-10;W
VG-10;RN4ACQ;2005-10-30;W
VG-11;UA4ATB;2014-03-15;W
VG-13;RD4AN;2024-01-12;W
VG-18;RZ4AZZ;2007-08-18;W
VG-22;RV4AS;2024-08-27;W
VG-30;UA4AOC;2023-12-25;W
VG-31;UA4ARS;2024-01-23;W
VG-36;RU4A;2015-02-21;W
VG-41;R4ADD;2023-12-23;W
VG-43;RN4ACX;2024-03-13;W
VL-02;RA3VMD;2021-01-04;W
VL-03;RA3VX;2024-02-04;W
VL-06;RU3VV;2015-03-21;W
VL-07;RX3VF;2023-11-22;W
VL-09;UA3VQL;2004-03-20;W
VL-14;R3VE;2024-01-07;W
VL-17;UA3VVA;2020-12-07;W
VL-18;RU3DNN;2023-12-22;W
VL-23;RA3VMK;2024-10-25;W
VL-28;UA3VBD;2024-01-19;W
VO-01;UA1QV;2004-03-20;W
VO-02;R1QAM;2023-11-28;W
VO-03;RT1Q;2024-01-09;W
VO-04;RK1QWB;2007-03-18;W
VO-09;R1IE;2024-04-15;W
VO-12;RU1QQ;2009-08-16;W
VO-21;RA1QFT;2015-05-29;W
VR-02;RZ3OA;2015-01-14;W
VR-03;RU3QW;2005-10-29;W
VR-04;RU3QR;2020-11-18;W
VR-05;RQ2Q;2015-01-10;W
VR-06;RN3KL;2013-10-13;W
VR-07;RV3QR;2005-09-03;W
VR-09;UA3QUP;2020-11-21;W
VR-15;R3KAB;2020-11-14;W
VR-17;R2OM;2013-10-11;W
VR-19;RA3QH;2020-10-31;W
VR-21;RA3QBQ;2023-11-19;W
VR-22;RN3QIS;2005-03-18;W
VR-26;RL3QJ;2020-11-29;W
VR-27;UA3QNA;2024-01-08;W
VR-28;RQ2Q;2020-12-06;W
VR-29;RU3KA;2024-09-09;W
VR-30;RN3QTS;2020-11-04;W
VR-31;RA3QAL;2021-01-17;W
VR-32;RA3QN;2006-08-20;W
VR-37;RN3QN;2023-03-03;W
VR-38;R5KH;2024-10-13;W
VR-39;RZ3QM;2006-07-25;W
VR-40;RN3QO;2002-03-30;W
VR-41;UB3KCE;2020-11-21;W
VR-43;UA3QQG;2013-09-25;W
VR-44;RA3QSV;2024-01-05;W
YA-01;RA0QC;2007-03-17;W
YA-15;UA0QQL;2024-03-06;W
YA-18;RA0QC;2007-03-18;W
YA-21;RX0QA;2007-08-18;W
YN-01;UA9KW;2009-08-15;W
YN-05;R8KAN;2023-11-19;W
YN-06;RA9KT;2013-08-23;W
YN-07;R9KC;2007-08-17;W
YN-09;UA9KB;2014-03-15;W
YN-10;UA9KW;2009-08-16;W
YN-14;RV7B;2024-03-06;W
YR-01;R3MB;2023-12-21;W
YR-02;RD3M;2024-03-09;W
YR-03;R3MD;2002-11-20;W
YR-04;RK3MWD;2006-03-19;W
YR-05;R3MW;2023-12-20;W
YR-06;RK3MWL;2009-08-16;W
YR-07;RK3MXT;2024-04-20;W
YR-09;UA3MIF;2005-03-19;W
YR-14;RK3AW;2024-10-05;W
YR-15;RK5M;2024-08-29;W
YR-18;R2DX;2024-08-09;W
YR-22;RK3MXT;2009-08-15;W
YR-24;RK3MWL;2007-08-19;W
YR-25;RN5M;2024-09-05;W
YR-28;R3MDA;2024-03-23;W
ZK-01;RK0UT;2009-08-15;W
ZK-03;R0UAR;2020-11-17;W
ZK-04;R0UT;2024-01-12;W
ZK-18;RW0UU;2007-08-18;W
